Workbook

Sheet Inputs
A1: Inputs and parameters
A3: Parameter | B3: Value | C3: Unit | D3: Source / note
A4: Membrane radius a | B4: 0.35 | C4: mm | D4: CH101 datasheet (0.7 mm diameter); acoustic_cost.m
A5: Operating frequency f0 | B5: 180000 | C5: Hz | D5: DK-CH101 drive frequency; acoustic_cost.m
A6: Peak membrane velocity v0 (simulations) | B6: 1 | C6: m/s | D6: Convergence study (GA itself used 10 µm/s; gains are independent of v0)
A7: Speed of sound, air | B7: 343 | C7: m/s | D7: acoustic_cost.m
A8: Density, air | B8: 1.21 | C8: kg/m³ | D8: acoustic_cost.m
A9: Speed of sound, horn material | B9: 2730 | C9: m/s | D9: acoustic_cost.m
A10: Density, horn material | B10: 1190 | C10: kg/m³ | D10: acoustic_cost.m
A11: Package port height | B11: 0.475 | C11: mm | D11: acoustic_cost.m cylinder_height (Comment 2.2)
A12: Package port diameter | B12: 0.84 | C12: mm | D12: acoustic_cost.m (1.2 × membrane radius × 2) (Comment 2.2)
A13: Observation distance above top of package | B13: 4 | C13: mm | D13: acoustic_cost.m z_up_target (Comment 1.6)
A14: Points per wavelength (manuscript) | B14: 30 | C14: – | D14: acoustic_cost.m
A15: Grid size (manuscript), x × y × z | B15: 88 × 88 × 80 | C15: points | D15: 5.5 × 5.5 × 5 mm³ including the PML
A16: PML thickness (manuscript) | B16: 5 | C16: points | D16: Inside the grid (k-Wave PMLInside = true)
A17: Time step (manuscript) | B17: 4 | C17: ns | D17: acoustic_cost.m deltaT
A18: Number of time steps (manuscript) | B18: 5000 | C18: – | D18: acoustic_cost.m Nsteps
A19: Optimized horn height H | B19: 3.1 | C19: mm | D19: GA optimum (Solver_Acoustic.m)
A20: Optimized horn base radius r_base | B20: 0.84 | C20: mm | D20: Fixed in acoustic_cost.m (2.4 × membrane radius)
A21: Optimized horn exit radius r_top | B21: 1.8 | C21: mm | D21: GA optimum (Solver_Acoustic.m); quoted in Comment 2.1
A22: Optimized horn exponent p | B22: 4.9299 | C22: – | D22: GA optimum (Solver_Acoustic.m)
A23: Optimized horn exponent q | B23: 6.5188 | C23: – | D23: GA optimum (Solver_Acoustic.m)
A24: Original bare-PMUT recording, peak-to-peak | B24: 1.899 | C24: V | D24: Supplementary Data/Raw Data/4mm_No_Packaging_1.899Vpp.psdata
A25: Original bare-PMUT SPL reported in manuscript | B25: 115.52 | C25: dB | D25: Original manuscript Results
A26: Reference pressure | B26: 2e-05 | C26: Pa | D26: 20 µPa
A28: Derived
A29: Wavelength in air | B29: =B7/B5*1000 -> 1.9055556 | C29: mm
A30: Grid spacing Δx at 30 ppw | B30: =B29/B14*1000 -> 63.518519 | C30: µm
A31: CFL number at 4 ns (horn material) | B31: =B9*B17*0.000000001/(B30*0.000001) -> 0.17191837 | C31: – | D31: CFL = c_horn·Δt/Δx
A32: Simulation window | B32: =B17*B18/1000 -> 20 | C32: µs | D32: Δt × steps
A33: Acoustic path, membrane to observation plane | B33: =B11+B13 -> 4.475 | C33: mm | D33: Port height + 4 mm
A34: First-arrival time at the observation plane | B34: =B33/1000/B7*1000000 -> 13.046647 | C34: µs | D34: Path / c_air
A35: ka, bare membrane | B35: =2*PI()/B29*B4 -> 1.1540544 | C35: –
A36: ka, optimized horn exit | B36: =2*PI()/B29*B21 -> 5.9351371 | C36: –
A37: Membrane mode wavenumber k = 2.405/a | B37: =2.4048/(B4/1000) -> 6870.8571 | C37: 1/m

Sheet Time Step
A1: Table R1 — time-step convergence, bare PMUT (manuscript grid 88×88×80, 5-pt PML, 20 µs window, v0 = 1 m/s)
A3: CFL (horn material) | B3: Δt (ns) | C3: Window (µs) | D3: Steps | E3: p_max (Pa) | F3: Change vs. CFL 0.025 (%)
A4: =Inputs!$B$9*B4*0.000000001/(Inputs!$B$30*0.000001) -> 0.17191837 | B4: 4 | C4: 20 | D4: =ROUND(C4*1000/B4,0) -> 5000 | E4: 10.723332 | F4: =ABS(E4-$E$7)/$E$7*100 -> 0.30148707
A5: =Inputs!$B$9*B5*0.000000001/(Inputs!$B$30*0.000001) -> 0.1 | B5: 2.3266857 | C5: 20 | D5: =ROUND(C5*1000/B5,0) -> 8596 | E5: 10.709924 | F5: =ABS(E5-$E$7)/$E$7*100 -> 0.17606816
A6: =Inputs!$B$9*B6*0.000000001/(Inputs!$B$30*0.000001) -> 0.05 | B6: 1.1633428 | C6: 20 | D6: =ROUND(C6*1000/B6,0) -> 17192 | E6: 10.696874 | F6: =ABS(E6-$E$7)/$E$7*100 -> 0.054003276
A7: =Inputs!$B$9*B7*0.000000001/(Inputs!$B$30*0.000001) -> 0.025 | B7: 0.58167142 | C7: 20 | D7: =ROUND(C7*1000/B7,0) -> 34384 | E7: 10.6911 | F7: =ABS(E7-$E$7)/$E$7*100 -> 0

Sheet Sim Window
A1: Table R2 — simulation-window convergence, bare PMUT (manuscript grid, Δt = 4 ns)
A3: Excitation / window | B3: Window (µs) | C3: Time after first arrival (µs) | D3: p_max (Pa) | E3: Change vs. 200 µs (%)
A4: CW, 12 µs | B4: 12 | C4: =B4-Inputs!$B$34 -> -1.0466472 | D4: 0.51447821 | E4: =ABS(D4-$D$9)/$D$9*100 -> 95.453784
A5: CW, 16 µs | B5: 16 | C5: =B5-Inputs!$B$34 -> 2.9533528 | D5: 10.723332 | E5: =ABS(D5-$D$9)/$D$9*100 -> 5.2426687
A6: CW, 20 µs (used) | B6: 20 | C6: =B6-Inputs!$B$34 -> 6.9533528 | D6: 10.723332 | E6: =ABS(D6-$D$9)/$D$9*100 -> 5.2426687
A7: CW, 40 µs | B7: 40 | C7: =B7-Inputs!$B$34 -> 26.953353 | D7: 11.316588 | E7: =ABS(D7-$D$9)/$D$9*100 -> 0.00032866068
A8: CW, 100 µs | B8: 100 | C8: =B8-Inputs!$B$34 -> 86.953353 | D8: 11.316626 | E8: =ABS(D8-$D$9)/$D$9*100 -> 0
A9: CW, 200 µs (reference) | B9: 200 | C9: =B9-Inputs!$B$34 -> 186.95335 | D9: 11.316626 | E9: =ABS(D9-$D$9)/$D$9*100 -> 0
A10: 30-cycle burst, 220 µs | B10: 219.713 | C10: — | D10: 11.316626 | E10: =ABS(D10-$D$9)/$D$9*100 -> 0

Sheet Grid Domain PML
A1: Table R3 — grid, domain and PML convergence, bare PMUT and optimized horn (CFL 0.172, 20 µs, v0 = 1 m/s)
A3: Study | B3: Setting | C3: Grid (x × y × z) | D3: Δt (ns) | E3: p_max bare (Pa) | F3: p_max optimized (Pa) | G3: Gain optimized (×) | H3: Change bare vs. finest (%) | I3: Change gain vs. finest (%) | J3: Manuscript setting?
A4: Points per wavelength | B4: 20 ppw | C4: 58 × 58 × 57 | D4: 6 | E4: 9.8217192 | F4: 56.435467 | G4: =F4/E4 -> 5.7459866 | H4: =ABS(E4-$E$8)/$E$8*100 -> 10.510022 | I4: =ABS(G4-$G$8)/$G$8*100 -> 6.2543676
A5: Points per wavelength | B5: 25 ppw | C5: 72 × 72 × 69 | D5: 4.8 | E5: 10.22842 | F5: 60.674023 | G5: =F5/E5 -> 5.9319055 | H5: =ABS(E5-$E$8)/$E$8*100 -> 6.8043904 | I5: =ABS(G5-$G$8)/$G$8*100 -> 3.2211048
A6: Points per wavelength | B6: 30 ppw | C6: 88 × 88 × 80 | D6: 4 | E6: 10.723332 | F6: 65.160286 | G6: =F6/E6 -> 6.076496 | H6: =ABS(E6-$E$8)/$E$8*100 -> 2.2950295 | I6: =ABS(G6-$G$8)/$G$8*100 -> 0.86211554 | J6: yes
A7: Points per wavelength | B7: 35 ppw | C7: 102 × 102 × 92 | D7: 3.4285714 | E7: 10.801147 | F7: 68.406982 | G7: =F7/E7 -> 6.3333075 | H7: =ABS(E7-$E$8)/$E$8*100 -> 1.5860312 | I7: =ABS(G7-$G$8)/$G$8*100 -> 3.327759
A8: Points per wavelength | B8: 40 ppw | C8: 116 × 116 × 104 | D8: 3 | E8: 10.975217 | F8: 67.270813 | G8: =F8/E8 -> 6.1293379 | H8: =ABS(E8-$E$8)/$E$8*100 -> 0 | I8: =ABS(G8-$G$8)/$G$8*100 -> 0
A10: Total lateral width (mm) | B10: 5.5 mm | C10: 88 × 88 × 80 | D10: 4 | E10: 10.723332 | F10: 65.160286 | G10: =F10/E10 -> 6.076496 | H10: =ABS(E10-$E$13)/$E$13*100 -> 0.000800417 | I10: =ABS(G10-$G$13)/$G$13*100 -> 0.13176458 | J10: yes
A11: Total lateral width (mm) | B11: 8 mm | C11: 126 × 126 × 80 | D11: 4 | E11: 10.723274 | F11: 65.237785 | G11: =F11/E11 -> 6.0837561 | H11: =ABS(E11-$E$13)/$E$13*100 -> 0.00025791214 | I11: =ABS(G11-$G$13)/$G$13*100 -> 0.012442323
A12: Total lateral width (mm) | B12: 11 mm | C12: 174 × 174 × 80 | D12: 4 | E12: 10.72307 | F12: 65.243904 | G12: =F12/E12 -> 6.0844425 | H12: =ABS(E12-$E$13)/$E$13*100 -> 0.0016453016 | I12: =ABS(G12-$G$13)/$G$13*100 -> 0.001161115
A13: Total lateral width (mm) | B13: 14 mm | C13: 220 × 220 × 80 | D13: 4 | E13: 10.723247 | F13: 65.245735 | G13: =F13/E13 -> 6.0845132 | H13: =ABS(E13-$E$13)/$E$13*100 -> 0 | I13: =ABS(G13-$G$13)/$G$13*100 -> 0
A15: Air between plane and top PML (mm) | B15: in PML (−1 cell) | C15: 88 × 88 × 80 | D15: 4 | E15: 10.723332 | F15: 65.160286 | G15: =F15/E15 -> 6.076496 | H15: =ABS(E15-$E$21)/$E$21*100 -> 5.4552867 | I15: =ABS(G15-$G$21)/$G$21*100 -> 4.3109173 | J15: yes
A16: Air between plane and top PML (mm) | B16: 0 mm | C16: 88 × 88 × 81 | D16: 4 | E16: 9.9904099 | F16: 64.70826 | G16: =F16/E16 -> 6.4770375 | H16: =ABS(E16-$E$21)/$E$21*100 -> 1.7524128 | I16: =ABS(G16-$G$21)/$G$21*100 -> 1.9965758
A17: Air between plane and top PML (mm) | B17: 0.25 mm | C17: 88 × 88 × 85 | D17: 4 | E17: 10.155231 | F17: 64.947533 | G17: =F17/E17 -> 6.3954754 | H17: =ABS(E17-$E$21)/$E$21*100 -> 0.13152569 | I17: =ABS(G17-$G$21)/$G$21*100 -> 0.71218267
A18: Air between plane and top PML (mm) | B18: 0.5 mm | C18: 88 × 88 × 89 | D18: 4 | E18: 10.268886 | F18: 64.917526 | G18: =F18/E18 -> 6.3217693 | H18: =ABS(E18-$E$21)/$E$21*100 -> 0.98617067 | I18: =ABS(G18-$G$21)/$G$21*100 -> 0.44849628
A19: Air between plane and top PML (mm) | B19: 1 mm | C19: 88 × 88 × 97 | D19: 4 | E19: 10.158741 | F19: 64.49189 | G19: =F19/E19 -> 6.3484136 | H19: =ABS(E19-$E$21)/$E$21*100 -> 0.097012386 | I19: =ABS(G19-$G$21)/$G$21*100 -> 0.0289175
A20: Air between plane and top PML (mm) | B20: 2 mm | C20: 88 × 88 × 113 | D20: 4 | E20: 10.173076 | F20: 64.563263 | G20: =F20/E20 -> 6.3464841 | H20: =ABS(E20-$E$21)/$E$21*100 -> 0.043957565 | I20: =ABS(G20-$G$21)/$G$21*100 -> 0.059302958
A21: Air between plane and top PML (mm) | B21: 3 mm | C21: 88 × 88 × 129 | D21: 4 | E21: 10.168606 | F21: 64.573189 | G21: =F21/E21 -> 6.35025 | H21: =ABS(E21-$E$21)/$E$21*100 -> 0 | I21: =ABS(G21-$G$21)/$G$21*100 -> 0
A23: PML thickness (points) | B23: 5 pts | C23: 88 × 88 × 80 | D23: 4 | E23: 10.723332 | F23: 65.160286 | G23: =F23/E23 -> 6.076496 | H23: =ABS(E23-$E$26)/$E$26*100 -> 5.2553692 | I23: =ABS(G23-$G$26)/$G$26*100 -> 4.3958957 | J23: yes
A24: PML thickness (points) | B24: 10 pts | C24: 98 × 98 × 90 | D24: 4 | E24: 10.282784 | F24: 65.130524 | G24: =F24/E24 -> 6.3339384 | H24: =ABS(E24-$E$26)/$E$26*100 -> 0.93115031 | I24: =ABS(G24-$G$26)/$G$26*100 -> 0.3454433
A25: PML thickness (points) | B25: 15 pts | C25: 108 × 108 × 100 | D25: 4 | E25: 10.201557 | F25: 64.722511 | G25: =F25/E25 -> 6.3443757 | H25: =ABS(E25-$E$26)/$E$26*100 -> 0.13385994 | I25: =ABS(G25-$G$26)/$G$26*100 -> 0.18122938
A26: PML thickness (points) | B26: 20 pts | C26: 118 × 118 × 110 | D26: 4 | E26: 10.18792 | F26: 64.753342 | G26: =F26/E26 -> 6.3558944 | H26: =ABS(E26-$E$26)/$E$26*100 -> 0 | I26: =ABS(G26-$G$26)/$G$26*100 -> 0
A29: Summary
A30: Parameter varied | B30: Values | C30: p_max bare, range (Pa) | E30: Gain optimized, min (×) | F30: Gain optimized, max (×) | G30: Bare change at setting used (%) | H30: Gain change at setting used (%) | I30: Max gain change over range (%)
A31: Points per wavelength | B31: 20 / 25 / 30 / 35 / 40 | C31: =TEXT(MIN(E4:E8),"0.000")&" – "&TEXT(MAX(E4:E8),"0.000") -> 9.822 – 10.975 | E31: =MIN(G4:G8) -> 5.7459866 | F31: =MAX(G4:G8) -> 6.3333075 | G31: =H6 -> 2.2950295 | H31: =I6 -> 0.86211554 | I31: =MAX(I4:I8) -> 6.2543676
A32: Total lateral width (mm) | B32: 5.5 / 8 / 11 / 14 | C32: =TEXT(MIN(E10:E13),"0.000")&" – "&TEXT(MAX(E10:E13),"0.000") -> 10.723 – 10.723 | E32: =MIN(G10:G13) -> 6.076496 | F32: =MAX(G10:G13) -> 6.0845132 | G32: =H10 -> 0.000800417 | H32: =I10 -> 0.13176458 | I32: =MAX(I10:I13) -> 0.13176458
A33: Air between plane and top PML (mm) | B33: in PML (−1 cell) / 0 / 0.25 / 0.5 / 1 / 2 / 3 | C33: =TEXT(MIN(E15:E21),"0.000")&" – "&TEXT(MAX(E15:E21),"0.000") -> 9.990 – 10.723 | E33: =MIN(G15:G21) -> 6.076496 | F33: =MAX(G15:G21) -> 6.4770375 | G33: =H15 -> 5.4552867 | H33: =I15 -> 4.3109173 | I33: =MAX(I15:I21) -> 4.3109173
A34: PML thickness (points) | B34: 5 / 10 / 15 / 20 | C34: =TEXT(MIN(E23:E26),"0.000")&" – "&TEXT(MAX(E23:E26),"0.000") -> 10.188 – 10.723 | E34: =MIN(G23:G26) -> 6.076496 | F34: =MAX(G23:G26) -> 6.3558944 | G34: =H23 -> 5.2553692 | H34: =I23 -> 4.3958957 | I34: =MAX(I23:I26) -> 4.3958957
